id,Tg,FFV,Tc,Density,Rg
1109053969,364.7744140625,0.3662750720977783,0.16905748844146729,1.1664388179779053,19.867341995239258
1422188626,480.8388977050781,0.36952710151672363,0.18661463260650635,1.0761545896530151,20.986770629882812
2032016830,329.0776672363281,0.3446798324584961,0.17008018493652344,1.0234297513961792,18.277576446533203
